{"cameraMode":{"drawMode":0,"name":"Shaded","section":"Shading Mode"},"sceneLighting":false,"audioPlay":false,"sceneViewState":{"showFog":true,"showMaterialUpdate":false,"showSkybox":false,"showFlares":true,"showImageEffects":true,"showParticleSystems":true},"in2DMode":false,"pivot":{"x":-0.4490000009536743,"y":0.24399998784065247,"z":0.24699999392032624},"rotation":{"x":-0.07898199558258057,"y":-0.6632623076438904,"z":0.070710688829422,"w":-0.7408407330513},"size":0.668430507183075,"orthographic":false}