{"cameraMode":{"drawMode":0,"name":"Shaded","section":"Shading Mode"},"sceneLighting":true,"audioPlay":false,"sceneViewState":{"showFog":true,"showMaterialUpdate":false,"showSkybox":true,"showFlares":true,"showImageEffects":true,"showParticleSystems":true},"in2DMode":false,"pivot":{"x":1.6340322494506837,"y":-1.8591430187225342,"z":5.821041584014893},"rotation":{"x":-0.11954514682292938,"y":-0.05269413813948631,"z":0.006354808807373047,"w":-0.9914090633392334},"size":29.637056350708009,"orthographic":false}